seed,method,rmse,runtime_seconds,warning,missing_rate
0,KNN,0.0543720596503294,2.398840920999646,,0.20042553678262162
0,MICE-style,0.0523968629634328,6.8250214559957385,early_stopping_not_reached,0.20042553678262162
0,GAIN,0.05380062647212749,18.31661440501921,,0.20042553678262162
1,KNN,0.05381281404415829,2.516536556999199,,0.20036071487129037
1,MICE-style,0.05313386049141847,5.024399875022937,early_stopping_not_reached,0.20036071487129037
1,GAIN,0.054279777591658564,23.241515178990085,,0.20036071487129037
2,KNN,0.05367420272059154,2.046314094972331,,0.20005567058267273
2,MICE-style,0.05118459737222034,5.219064553966746,early_stopping_not_reached,0.20005567058267273
2,GAIN,0.05135349502089501,18.3590349489823,,0.20005567058267273
3,KNN,0.052737733215369044,2.1267045109998435,,0.19986883095589442
3,MICE-style,0.051030761122334845,6.678512149024755,early_stopping_not_reached,0.19986883095589442
3,GAIN,0.05203452574102235,21.78880985401338,,0.19986883095589442
4,KNN,0.05416347574678654,2.6008745400467888,,0.1998497656878558
4,MICE-style,0.05234164482853894,11.120238553034142,early_stopping_not_reached,0.1998497656878558
4,GAIN,0.05332748363186876,20.165027808048762,,0.1998497656878558
5,KNN,0.0529407052226049,2.1231913779629394,,0.19971249575797786
5,MICE-style,0.051668403490290365,8.681866268976592,early_stopping_not_reached,0.19971249575797786
5,GAIN,0.05291504552240954,18.319415328965988,,0.19971249575797786
6,KNN,0.0532223702451741,2.3276388709782623,,0.1998840831703253
6,MICE-style,0.050704848262030165,9.457712167000864,early_stopping_not_reached,0.1998840831703253
6,GAIN,0.05324245526023803,21.023007040959783,,0.1998840831703253
7,KNN,0.05243734413354663,2.254952583985869,,0.19864484074781608
7,MICE-style,0.0500090473114334,11.513281013991218,early_stopping_not_reached,0.19864484074781608
7,GAIN,0.05156716074478329,19.077996962005273,,0.19864484074781608
8,KNN,0.05352527610924405,2.270592774031684,,0.19835123562002158
8,MICE-style,0.05109418959763003,11.78653513797326,early_stopping_not_reached,0.19835123562002158
8,GAIN,0.05262887890554878,21.5133065910195,,0.19835123562002158
9,KNN,0.052443911358925066,2.3723250500042923,,0.2015465745432915
9,MICE-style,0.0486262249102183,10.288138778007124,early_stopping_not_reached,0.2015465745432915
9,GAIN,0.05090359981585394,19.91436060203705,,0.2015465745432915
