seed,max_iter,actual_iterations,convergence_warning,rmse,runtime_seconds
0,50,50,True,0.05249828891010427,114.69538952599396
1,50,50,True,0.05310450598746598,127.47123598099279
2,50,37,False,0.056182572553036346,43.36611783600529
3,50,50,True,0.051513672412125,59.05748030501127
4,50,50,True,0.05252213842035447,60.052428902999964
5,50,42,False,0.05817393882701866,35.861980385001516
6,50,50,True,0.050705330566039424,47.58929791700211
7,50,50,True,0.05050826828170874,62.83384546799061
8,50,50,True,0.05954194282214638,73.17659452800581
9,50,50,True,0.04890396805496259,66.38591786999314
